Game #,Seed,Player,Turn Order,Rules,Strategy,Win,bluffs,bluffs_caught,challenges,challenges_correct,card_guesses_total,card_guesses_correct,cards_guessed,cards_guessed_correct,Turn Eliminated
1,1100562081,Grok,1,1,-1,1,0,0,1,1,2,0,,,
1,1100562081,Claude,2,1,-1,-1,0,0,1,0,0,0,,,
1,1100562081,Gemini,3,1,-1,-1,0,0,4,3,1,0,,,
1,1100562081,ChatGPT,4,1,-1,-1,0,0,1,0,0,0,,,
2,1624691426,ChatGPT,1,1,-1,-1,0,0,2,1,7,4,,,
2,1624691426,Grok,2,1,-1,1,0,0,0,0,8,4,,,
2,1624691426,Gemini,3,1,-1,-1,0,0,2,0,0,0,,,
2,1624691426,Claude,4,1,-1,-1,0,0,1,0,7,4,,,
3,32896470,Claude,1,-1,-1,0,0,0,1,0,0,0,,,
3,32896470,Grok,2,-1,-1,1,0,0,0,0,0,0,,,
3,32896470,ChatGPT,3,-1,-1,0,0,0,1,0,0,0,,,
3,32896470,Gemini,4,-1,-1,0,0,0,2,0,0,0,,,
4,2625633111,Claude,1,-1,-1,0,0,0,2,0,0,0,,,
4,2625633111,ChatGPT,2,1,-1,0,0,0,1,0,5,2,,,
4,2625633111,Grok,3,-1,1,1,0,0,1,1,3,2,,,
4,2625633111,Gemini,4,1,1,0,1,1,1,0,3,2,,,
5,2485707010,Claude,1,1,-1,1,3,0,2,1,6,3,,,
5,2485707010,ChatGPT,2,-1,1,0,1,1,1,0,6,4,,,
5,2485707010,Grok,3,1,1,0,0,0,1,0,4,3,,,
5,2485707010,Gemini,4,-1,-1,0,0,0,2,0,0,0,,,
6,2788506561,Claude,1,-1,1,0,2,0,2,0,0,0,,,
6,2788506561,ChatGPT,2,1,1,0,3,2,0,0,8,2,,,
6,2788506561,Grok,3,-1,-1,1,7,0,2,2,11,6,,,
6,2788506561,Gemini,4,1,-1,0,0,0,2,0,0,0,,,
7,3260290596,Claude,1,1,1,0,2,0,1,0,5,1,,,
7,3260290596,ChatGPT,2,-1,-1,0,0,0,1,0,4,3,,,
7,3260290596,Grok,3,1,-1,1,1,0,0,0,4,3,,,
7,3260290596,Gemini,4,-1,1,0,0,0,2,0,0,0,,,
8,1223849503,ChatGPT,1,-1,-1,0,0,0,4,2,0,0,,,
8,1223849503,Grok,2,1,-1,1,0,0,0,0,1,1,,,
8,1223849503,Gemini,3,-1,1,0,2,2,0,0,0,0,,,
8,1223849503,Claude,4,1,1,0,1,1,2,1,2,1,,,
9,354939876,ChatGPT,1,1,-1,0,0,0,0,0,6,4,,,
9,354939876,Grok,2,-1,1,0,2,1,2,1,4,1,,,
9,354939876,Gemini,3,1,1,0,1,1,1,0,0,0,,,
9,354939876,Claude,4,-1,-1,1,1,0,1,1,5,3,,,
10,783810668,ChatGPT,1,-1,1,0,2,0,1,0,3,1,,,
10,783810668,Grok,2,1,1,1,0,0,0,0,3,1,,,
10,783810668,Gemini,3,-1,-1,0,0,0,2,0,0,0,,,
10,783810668,Claude,4,1,-1,0,0,0,1,0,4,1,,,
11,192992941,ChatGPT,1,1,1,0,1,0,0,0,4,0,,,
11,192992941,Grok,2,-1,-1,1,1,0,1,1,4,0,,,
11,192992941,Gemini,3,1,-1,0,0,0,2,0,0,0,,,
11,192992941,Claude,4,-1,1,0,4,1,0,0,5,2,,,
12,965460643,Grok,1,-1,-1,0,17,2,0,0,13,2,,,
12,965460643,Gemini,2,1,-1,0,0,0,2,0,0,0,,,
12,965460643,Claude,3,-1,1,0,1,0,3,1,3,0,,,
12,965460643,ChatGPT,4,1,1,1,14,0,2,1,11,3,,,
13,1994060811,Grok,1,1,-1,0,0,0,1,1,5,3,,,
13,1994060811,Gemini,2,-1,1,0,1,0,2,0,0,0,,,
13,1994060811,Claude,3,1,1,1,3,0,0,0,4,3,,,
13,1994060811,ChatGPT,4,-1,-1,0,1,1,1,0,4,2,,,
14,1837016955,Grok,1,-1,1,1,0,0,0,0,8,4,,,
14,1837016955,Gemini,2,1,1,0,1,1,1,0,0,0,,,
14,1837016955,Claude,3,-1,-1,0,0,0,1,1,7,3,,,
14,1837016955,ChatGPT,4,1,-1,0,0,0,0,0,10,6,,,
15,1523901483,Grok,1,1,1,0,1,1,0,0,0,0,,,
15,1523901483,Gemini,2,-1,-1,0,0,0,3,1,4,3,,,
15,1523901483,Claude,3,1,-1,0,2,0,1,0,4,0,,,
15,1523901483,ChatGPT,4,-1,1,1,0,0,0,0,4,1,,,
16,2064593633,Gemini,1,-1,-1,0,1,0,2,0,0,0,,,
16,2064593633,Claude,2,1,-1,0,1,0,2,1,4,3,,,
16,2064593633,ChatGPT,3,-1,1,0,4,0,1,0,6,1,,,
16,2064593633,Grok,4,1,1,1,3,1,0,0,6,2,,,
17,3419729322,Gemini,1,1,-1,0,0,0,2,0,0,0,,,
17,3419729322,Claude,2,-1,1,1,1,0,0,0,6,5,,,
17,3419729322,ChatGPT,3,1,1,0,0,0,0,0,7,5,,,
17,3419729322,Grok,4,-1,-1,0,0,0,0,0,7,4,,,
18,2176736909,Gemini,1,-1,1,0,0,0,4,2,4,2,,,
18,2176736909,Claude,2,1,1,0,2,2,0,0,0,0,,,
18,2176736909,ChatGPT,3,-1,-1,1,0,0,1,1,6,3,,,
18,2176736909,Grok,4,1,-1,0,1,1,0,0,5,2,,,
19,94642831,Gemini,1,1,1,0,1,0,3,1,5,3,,,
19,94642831,Claude,2,-1,-1,1,1,0,0,0,6,3,,,
19,94642831,ChatGPT,3,1,-1,0,0,0,1,0,6,3,,,
19,94642831,Grok,4,-1,1,0,1,1,0,0,5,3,,,
20,3419729322,Claude,1,-1,-1,0,1,1,0,0,4,2,,,
20,3419729322,ChatGPT,2,1,-1,1,2,0,1,1,3,2,,,
20,3419729322,Grok,3,-1,1,0,1,1,1,0,3,1,,,
20,3419729322,Gemini,4,1,1,0,0,0,3,1,0,0,,,
21,1523901483,Claude,1,1,-1,0,1,0,0,0,4,2,,,
21,1523901483,ChatGPT,2,-1,1,0,1,1,1,0,0,0,,,
21,1523901483,Grok,3,1,1,0,0,0,1,0,8,4,,,
21,1523901483,Gemini,4,-1,-1,1,1,0,1,1,9,5,,,
22,3260290596,Claude,1,-1,1,0,1,1,1,0,0,0,,,
22,3260290596,ChatGPT,2,1,1,1,0,0,0,0,5,3,,,
22,3260290596,Grok,3,-1,-1,0,0,0,0,0,7,6,,,
22,3260290596,Gemini,4,1,-1,0,0,0,2,1,4,2,,,
23,2064593633,Claude,1,1,1,1,0,0,0,0,4,2,,,
23,2064593633,ChatGPT,2,-1,-1,0,0,0,2,0,0,0,,,
23,2064593633,Grok,3,1,-1,0,0,0,0,0,4,2,,,
23,2064593633,Gemini,4,-1,1,0,2,0,2,0,4,1,,,
24,1994060811,ChatGPT,1,-1,-1,0,2,1,0,0,4,4,,,
24,1994060811,Grok,2,1,-1,0,0,0,1,1,6,6,,,
24,1994060811,Gemini,3,-1,1,0,0,0,2,0,0,0,,,
24,1994060811,Claude,4,1,1,1,2,1,1,1,8,7,,,
25,192992941,ChatGPT,1,1,-1,1,1,0,1,0,4,1,,,
25,192992941,Grok,2,-1,1,0,0,0,1,0,5,0,,,
25,192992941,Gemini,3,1,1,0,1,0,3,1,0,0,,,
25,192992941,Claude,4,-1,-1,0,1,1,0,0,4,0,,,
26,94642831,ChatGPT,1,-1,1,0,2,1,0,0,4,3,,,
26,94642831,Grok,2,1,1,0,0,0,1,0,5,1,,,
26,94642831,Gemini,3,-1,-1,0,0,0,3,1,0,0,,,
26,94642831,Claude,4,1,-1,1,3,0,0,0,4,4,,,
27,1837016955,ChatGPT,1,1,1,0,3,0,0,0,7,4,,,
27,1837016955,Grok,2,-1,-1,1,0,0,1,1,6,1,,,
27,1837016955,Gemini,3,1,-1,0,0,0,2,1,5,1,,,
27,1837016955,Claude,4,-1,1,0,3,2,0,0,5,3,,,
28,354939876,Grok,1,-1,-1,0,11,0,2,1,18,16,,,
28,354939876,Gemini,2,1,-1,0,2,1,3,2,4,2,,,
28,354939876,Claude,3,-1,1,0,3,2,0,0,0,0,,,
28,354939876,ChatGPT,4,1,1,1,1,0,0,0,16,4,,,
29,2485707010,Grok,1,1,-1,1,0,0,1,1,3,0,,,
29,2485707010,Gemini,2,-1,1,0,4,0,3,1,4,1,,,
29,2485707010,Claude,3,1,1,0,2,2,0,0,4,2,,,
29,2485707010,ChatGPT,4,-1,-1,0,0,0,1,0,4,1,,,
30,783810668,Grok,1,-1,1,0,3,2,0,0,5,4,,,
30,783810668,Gemini,2,1,1,0,0,0,4,3,6,3,,,
30,783810668,Claude,3,-1,-1,0,1,1,0,0,5,3,,,
30,783810668,ChatGPT,4,1,-1,1,0,0,0,0,6,4,,,
31,965460643,Grok,1,1,1,0,1,1,0,0,0,0,,,
31,965460643,Gemini,2,-1,-1,0,0,0,3,2,3,0,,,
31,965460643,Claude,3,1,-1,1,2,0,1,0,2,0,,,
31,965460643,ChatGPT,4,-1,1,0,2,1,1,0,0,0,,,
32,2788506561,Gemini,1,-1,-1,0,0,0,3,1,4,1,,,
32,2788506561,Claude,2,1,-1,0,1,1,1,0,0,0,,,
32,2788506561,ChatGPT,3,-1,1,0,2,0,1,0,3,1,,,
32,2788506561,Grok,4,1,1,1,0,0,0,0,3,1,,,
33,2176736909,Gemini,1,1,-1,0,0,0,5,3,3,1,,,
33,2176736909,Claude,2,-1,1,1,2,1,0,0,3,0,,,
33,2176736909,ChatGPT,3,1,1,0,1,1,1,0,0,0,,,
33,2176736909,Grok,4,-1,-1,0,1,1,1,0,4,1,,,
34,1223849503,Gemini,1,-1,1,0,1,1,1,0,0,0,,,
34,1223849503,Claude,2,1,1,0,3,2,1,1,6,2,,,
34,1223849503,ChatGPT,3,-1,-1,0,0,0,2,1,7,5,,,
34,1223849503,Grok,4,1,-1,1,1,1,2,2,5,3,,,
35,2625633111,Gemini,1,1,1,0,0,0,2,0,0,0,,,
35,2625633111,Claude,2,-1,-1,1,1,0,1,1,13,10,,,
35,2625633111,ChatGPT,3,1,-1,0,0,0,1,0,12,6,,,
35,2625633111,Grok,4,-1,1,0,2,1,0,0,13,11,,,
36,192992941,Claude,1,-1,-1,0,1,0,3,1,5,1,,,
36,192992941,ChatGPT,2,1,-1,0,0,0,0,0,4,1,,,
36,192992941,Grok,3,-1,1,1,3,1,0,0,6,2,,,
36,192992941,Gemini,4,1,1,0,1,0,2,0,0,0,,,
37,3419729322,Claude,1,1,-1,1,2,1,1,1,5,2,,,
37,3419729322,ChatGPT,2,-1,1,0,2,0,1,0,3,2,,,
37,3419729322,Grok,3,1,1,0,1,1,0,0,3,0,,,
37,3419729322,Gemini,4,-1,-1,0,0,0,3,1,0,0,,,
38,1994060811,Claude,1,-1,1,0,1,0,3,1,4,4,,,
38,1994060811,ChatGPT,2,1,1,0,0,0,1,0,5,2,,,
38,1994060811,Grok,3,-1,-1,1,1,1,0,0,6,4,,,
38,1994060811,Gemini,4,1,-1,0,0,0,2,0,0,0,,,
39,2485707010,Claude,1,1,1,0,2,1,0,0,4,3,,,
39,2485707010,ChatGPT,2,-1,-1,0,1,0,3,1,0,0,,,
39,2485707010,Grok,3,1,-1,1,0,0,0,0,5,3,,,
39,2485707010,Gemini,4,-1,1,0,2,0,1,0,7,3,,,
40,1837016955,ChatGPT,1,-1,-1,0,0,0,2,0,0,0,,,
40,1837016955,Grok,2,1,-1,1,1,0,0,0,2,0,,,
40,1837016955,Gemini,3,-1,1,0,1,0,4,2,3,0,,,
40,1837016955,Claude,4,1,1,0,2,2,0,0,3,0,,,
41,1523901483,ChatGPT,1,1,-1,1,0,0,0,0,5,3,,,
41,1523901483,Grok,2,-1,1,0,3,0,0,0,7,5,,,
41,1523901483,Gemini,3,1,1,0,2,0,2,0,0,0,,,
41,1523901483,Claude,4,-1,-1,0,1,0,2,0,4,2,,,
42,1223849503,ChatGPT,1,-1,1,0,0,0,0,0,6,5,,,
42,1223849503,Grok,2,1,1,1,0,0,0,0,5,2,,,
42,1223849503,Gemini,3,-1,-1,0,0,0,2,0,0,0,,,
42,1223849503,Claude,4,1,-1,0,1,0,1,0,4,3,,,
43,354939876,ChatGPT,1,1,1,0,1,0,1,0,9,5,,,
43,354939876,Grok,2,-1,-1,0,0,0,0,0,12,7,,,
43,354939876,Gemini,3,1,-1,0,0,0,1,0,6,4,,,
43,354939876,Claude,4,-1,1,1,3,0,0,0,12,8,,,
44,2788506561,Grok,1,-1,-1,1,1,0,0,0,5,0,,,
44,2788506561,Gemini,2,1,-1,0,1,0,3,1,5,3,,,
44,2788506561,Claude,3,-1,1,0,1,1,1,0,5,2,,,
44,2788506561,ChatGPT,4,1,1,0,3,0,1,0,7,1,,,
45,2176736909,Grok,1,1,-1,1,0,0,1,1,3,0,,,
45,2176736909,Gemini,2,-1,1,0,1,1,1,0,0,0,,,
45,2176736909,Claude,3,1,1,0,4,2,0,0,4,2,,,
45,2176736909,ChatGPT,4,-1,-1,0,0,0,4,2,3,1,,,
46,2625633111,Grok,1,-1,1,0,0,0,0,0,7,1,,,
46,2625633111,Gemini,2,1,1,0,1,1,1,0,0,0,,,
46,2625633111,Claude,3,-1,-1,0,0,0,2,1,4,2,,,
46,2625633111,ChatGPT,4,1,-1,1,0,0,0,0,6,4,,,
47,783810668,Grok,1,1,1,0,2,2,0,0,0,0,,,
47,783810668,Gemini,2,-1,-1,0,0,0,3,1,0,0,,,
47,783810668,Claude,3,1,-1,1,0,0,1,1,2,2,,,
47,783810668,ChatGPT,4,-1,1,0,1,1,2,1,2,1,,,
48,965460643,Gemini,1,-1,-1,0,0,0,4,2,4,0,,,
48,965460643,Claude,2,1,-1,0,1,0,2,0,4,1,,,
48,965460643,ChatGPT,3,-1,1,0,2,1,1,0,4,1,,,
48,965460643,Grok,4,1,1,1,1,1,0,0,5,2,,,
49,94642831,Gemini,1,1,-1,0,3,0,2,0,9,3,,,
49,94642831,Claude,2,-1,1,0,1,1,1,0,0,0,,,
49,94642831,ChatGPT,3,1,1,1,2,0,0,0,7,3,,,
49,94642831,Grok,4,-1,-1,0,2,0,2,1,8,5,,,
50,2064593633,Gemini,1,-1,1,0,0,0,3,1,0,0,,,
50,2064593633,Claude,2,1,1,0,3,1,1,0,4,2,,,
50,2064593633,ChatGPT,3,-1,-1,0,2,0,2,0,3,1,,,
50,2064593633,Grok,4,1,-1,1,0,0,0,0,3,0,,,
51,3260290596,Gemini,1,1,1,1,0,0,3,3,9,4,,,
51,3260290596,Claude,2,-1,-1,0,1,1,0,0,5,3,,,
51,3260290596,ChatGPT,3,1,-1,0,0,0,0,0,12,6,,,
51,3260290596,Grok,4,-1,1,0,2,2,0,0,5,2,,,
52,2788506561,Claude,1,-1,-1,0,2,1,1,0,0,0,,,
52,2788506561,ChatGPT,2,1,-1,0,0,0,0,0,8,7,,,
52,2788506561,Grok,3,-1,1,1,1,0,0,0,7,4,,,
52,2788506561,Gemini,4,1,1,0,2,0,2,1,4,2,,,
53,783810668,Claude,1,1,-1,0,1,1,0,0,3,3,,,
53,783810668,ChatGPT,2,-1,1,0,0,0,3,1,3,2,,,
53,783810668,Grok,3,1,1,1,2,1,0,0,4,2,,,
53,783810668,Gemini,4,-1,-1,0,0,0,3,1,0,0,,,
54,1223849503,Claude,1,-1,1,1,1,0,1,0,13,8,,,
54,1223849503,ChatGPT,2,1,1,0,1,0,2,0,12,6,,,
54,1223849503,Grok,3,-1,-1,0,0,0,1,0,9,4,,,
54,1223849503,Gemini,4,1,-1,0,0,0,1,0,6,4,,,
55,3260290596,Claude,1,1,1,0,0,0,2,1,4,0,,,
55,3260290596,ChatGPT,2,-1,-1,1,1,0,2,1,7,3,,,
55,3260290596,Grok,3,1,-1,0,1,1,0,0,6,6,,,
55,3260290596,Gemini,4,-1,1,0,2,1,1,0,0,0,,,
56,94642831,ChatGPT,1,-1,-1,0,0,0,4,2,0,0,,,
56,94642831,Grok,2,1,-1,1,0,0,1,1,3,0,,,
56,94642831,Gemini,3,-1,1,0,2,2,0,0,0,0,,,
56,94642831,Claude,4,1,1,0,3,1,0,0,4,4,,,
57,2176736909,ChatGPT,1,1,-1,0,2,2,0,0,0,0,,,
57,2176736909,Grok,2,-1,1,1,0,0,1,1,2,1,,,
57,2176736909,Gemini,3,1,1,0,1,0,2,0,0,0,,,
57,2176736909,Claude,4,-1,-1,0,1,0,2,1,2,2,,,
58,965460643,ChatGPT,1,-1,1,1,4,1,3,3,6,2,,,
58,965460643,Grok,2,1,1,0,3,2,0,0,3,1,,,
58,965460643,Gemini,3,-1,-1,0,0,0,3,1,0,0,,,
58,965460643,Claude,4,1,-1,0,1,1,0,0,4,1,,,
59,2064593633,ChatGPT,1,1,1,0,3,2,0,0,0,0,,,
59,2064593633,Grok,2,-1,-1,1,0,0,1,1,4,3,,,
59,2064593633,Gemini,3,1,-1,0,2,1,3,2,5,3,,,
59,2064593633,Claude,4,-1,1,0,1,1,1,1,3,3,,,
60,1994060811,Grok,1,-1,-1,0,1,1,0,0,4,2,,,
60,1994060811,Gemini,2,1,-1,0,0,0,2,0,0,0,,,
60,1994060811,Claude,3,-1,1,0,2,1,1,0,5,3,,,
60,1994060811,ChatGPT,4,1,1,1,3,0,2,2,6,4,,,
61,2625633111,Grok,1,1,-1,0,0,0,1,0,3,2,,,
61,2625633111,Gemini,2,-1,1,1,1,0,3,2,4,1,,,
61,2625633111,Claude,3,1,1,0,2,1,0,0,3,0,,,
61,2625633111,ChatGPT,4,-1,-1,0,1,1,0,0,0,0,,,
62,354939876,Grok,1,-1,1,0,2,2,0,0,0,0,,,
62,354939876,Gemini,2,1,1,1,1,0,4,3,6,2,,,
62,354939876,Claude,3,-1,-1,0,1,1,0,0,4,2,,,
62,354939876,ChatGPT,4,1,-1,0,0,0,1,0,6,2,,,
63,192992941,Grok,1,1,1,0,2,2,0,0,3,1,,,
63,192992941,Gemini,2,-1,-1,0,0,0,7,5,3,0,,,
63,192992941,Claude,3,1,-1,0,2,2,0,0,3,2,,,
63,192992941,ChatGPT,4,-1,1,1,1,1,0,0,3,2,,,
64,1837016955,Gemini,1,-1,-1,0,0,0,2,0,0,0,,,
64,1837016955,Claude,2,1,-1,1,1,0,1,1,4,1,,,
64,1837016955,ChatGPT,3,-1,1,0,1,1,2,1,4,2,,,
64,1837016955,Grok,4,1,1,0,4,1,1,0,5,2,,,
65,1523901483,Gemini,1,1,-1,0,0,0,2,0,0,0,,,
65,1523901483,Claude,2,-1,1,1,4,0,1,1,6,1,,,
65,1523901483,ChatGPT,3,1,1,0,2,1,1,0,6,3,,,
65,1523901483,Grok,4,-1,-1,0,0,0,0,0,4,1,,,
66,3419729322,Gemini,1,-1,1,0,0,0,2,0,0,0,,,
66,3419729322,Claude,2,1,1,1,2,0,0,0,5,0,,,
66,3419729322,ChatGPT,3,-1,-1,0,0,0,1,0,7,5,,,
66,3419729322,Grok,4,1,-1,0,0,0,0,0,6,4,,,
67,2485707010,Gemini,1,1,1,0,0,0,3,1,0,0,,,
67,2485707010,Claude,2,-1,-1,0,1,1,0,0,4,0,,,
67,2485707010,ChatGPT,3,1,-1,1,2,0,1,1,5,2,,,
67,2485707010,Grok,4,-1,1,0,4,1,0,0,7,2,,,
68,3260290596,Claude,1,-1,-1,0,0,0,2,0,0,0,,,
68,3260290596,ChatGPT,2,1,-1,1,0,0,0,0,2,0,,,
68,3260290596,Grok,3,-1,1,0,1,1,0,0,3,1,,,
68,3260290596,Gemini,4,1,1,0,0,0,3,1,0,0,,,
69,3419729322,Claude,1,1,-1,0,1,1,1,0,0,0,,,
69,3419729322,ChatGPT,2,-1,1,0,2,0,0,0,4,3,,,
69,3419729322,Grok,3,1,1,1,0,0,0,0,4,0,,,
69,3419729322,Gemini,4,-1,-1,0,0,0,3,1,0,0,,,
70,1523901483,Claude,1,-1,1,1,2,0,2,1,8,7,,,
70,1523901483,ChatGPT,2,1,1,0,2,1,0,0,4,3,,,
70,1523901483,Grok,3,-1,-1,0,1,0,0,0,8,6,,,
70,1523901483,Gemini,4,1,-1,0,0,0,2,0,0,0,,,
71,2625633111,Claude,1,1,1,0,3,2,0,0,0,0,,,
71,2625633111,ChatGPT,2,-1,-1,0,0,0,2,0,0,0,,,
71,2625633111,Grok,3,1,-1,1,0,0,0,0,1,1,,,
71,2625633111,Gemini,4,-1,1,0,0,0,3,2,2,0,,,
72,2176736909,ChatGPT,1,-1,-1,0,1,1,1,0,0,0,,,
72,2176736909,Grok,2,1,-1,0,0,0,0,0,4,1,,,
72,2176736909,Gemini,3,-1,1,0,4,1,2,1,4,1,,,
72,2176736909,Claude,4,1,1,1,0,0,1,1,4,2,,,
73,2064593633,ChatGPT,1,1,-1,0,2,1,0,0,8,7,,,
73,2064593633,Grok,2,-1,1,1,1,0,2,1,8,6,,,
73,2064593633,Gemini,3,1,1,0,0,0,3,1,0,0,,,
73,2064593633,Claude,4,-1,-1,0,2,1,1,0,8,6,,,
74,2788506561,ChatGPT,1,-1,1,0,0,0,1,1,3,2,,,
74,2788506561,Grok,2,1,1,1,2,0,0,0,3,2,,,
74,2788506561,Gemini,3,-1,-1,0,0,0,2,0,0,0,,,
74,2788506561,Claude,4,1,-1,0,1,1,1,0,0,0,,,
75,2485707010,ChatGPT,1,1,1,0,3,1,0,0,5,1,,,
75,2485707010,Grok,2,-1,-1,0,1,1,2,1,5,1,,,
75,2485707010,Gemini,3,1,-1,1,1,0,3,2,7,2,,,
75,2485707010,Claude,4,-1,1,0,1,1,0,0,4,1,,,
76,1223849503,Grok,1,-1,-1,0,0,0,2,0,4,3,,,
76,1223849503,Gemini,2,1,-1,0,0,0,2,1,5,2,,,
76,1223849503,Claude,3,-1,1,1,4,1,0,0,8,7,,,
76,1223849503,ChatGPT,4,1,1,0,0,0,0,0,6,2,,,
77,354939876,Grok,1,1,-1,0,1,1,0,0,3,0,,,
77,354939876,Gemini,2,-1,1,0,1,0,3,1,0,0,,,
77,354939876,Claude,3,1,1,0,3,2,0,0,0,0,,,
77,354939876,ChatGPT,4,-1,-1,1,1,0,3,2,4,2,,,
78,192992941,Grok,1,-1,1,0,0,0,1,0,7,2,,,
78,192992941,Gemini,2,1,1,0,1,0,2,1,4,3,,,
78,192992941,Claude,3,-1,-1,0,1,1,1,0,0,0,,,
78,192992941,ChatGPT,4,1,-1,1,0,0,0,0,6,2,,,
79,783810668,Grok,1,1,1,0,2,2,0,0,0,0,,,
79,783810668,Gemini,2,-1,-1,0,0,0,4,2,0,0,,,
79,783810668,Claude,3,1,-1,1,0,0,1,1,2,1,,,
79,783810668,ChatGPT,4,-1,1,0,1,1,1,0,2,1,,,
80,1994060811,Gemini,1,-1,-1,0,0,0,2,0,0,0,,,
80,1994060811,Claude,2,1,-1,0,2,1,0,0,4,1,,,
80,1994060811,ChatGPT,3,-1,1,0,1,0,1,0,4,2,,,
80,1994060811,Grok,4,1,1,1,0,0,1,1,4,2,,,
81,1837016955,Gemini,1,1,-1,0,1,1,1,0,0,0,,,
81,1837016955,Claude,2,-1,1,0,3,0,2,1,4,2,,,
81,1837016955,ChatGPT,3,1,1,1,1,0,1,1,7,3,,,
81,1837016955,Grok,4,-1,-1,0,2,1,0,0,9,5,,,
82,965460643,Gemini,1,-1,1,0,1,1,2,1,0,0,,,
82,965460643,Claude,2,1,1,0,2,2,0,0,0,0,,,
82,965460643,ChatGPT,3,-1,-1,0,1,0,4,2,2,1,,,
82,965460643,Grok,4,1,-1,1,0,0,0,0,2,0,,,
83,94642831,Gemini,1,1,1,0,0,0,2,0,0,0,,,
83,94642831,Claude,2,-1,-1,0,2,1,1,0,6,3,,,
83,94642831,ChatGPT,3,1,-1,0,0,0,0,0,4,1,,,
83,94642831,Grok,4,-1,1,1,0,0,1,1,5,3,,,
84,2485707010,Claude,1,-1,-1,1,6,0,2,1,9,4,,,
84,2485707010,ChatGPT,2,1,-1,0,1,0,0,0,6,2,,,
84,2485707010,Grok,3,-1,1,0,1,1,1,0,0,0,,,
84,2485707010,Gemini,4,1,1,0,1,1,2,1,3,3,,,
85,94642831,Claude,1,1,-1,0,2,2,0,0,0,0,,,
85,94642831,ChatGPT,2,-1,1,0,0,0,2,1,3,1,,,
85,94642831,Grok,3,1,1,1,1,0,0,0,3,1,,,
85,94642831,Gemini,4,-1,-1,0,0,0,3,1,0,0,,,
86,1523901483,Claude,1,-1,1,0,1,1,1,0,0,0,,,
86,1523901483,ChatGPT,2,1,1,0,3,1,1,0,5,3,,,
86,1523901483,Grok,3,-1,-1,1,1,0,0,0,4,3,,,
86,1523901483,Gemini,4,1,-1,0,0,0,3,2,4,1,,,
87,3419729322,Claude,1,1,1,0,2,1,1,0,0,0,,,
87,3419729322,ChatGPT,2,-1,-1,0,0,0,3,1,2,1,,,
87,3419729322,Grok,3,1,-1,1,0,0,0,0,0,0,,,
87,3419729322,Gemini,4,-1,1,0,0,0,2,0,0,0,,,
88,1837016955,ChatGPT,1,-1,-1,0,1,0,2,0,5,1,,,
88,1837016955,Grok,2,1,-1,1,0,0,0,0,4,0,,,
88,1837016955,Gemini,3,-1,1,0,0,0,3,1,0,0,,,
88,1837016955,Claude,4,1,1,0,2,1,0,0,4,0,,,
89,2176736909,ChatGPT,1,1,-1,0,0,0,2,0,0,0,,,
89,2176736909,Grok,2,-1,1,1,0,0,0,0,3,1,,,
89,2176736909,Gemini,3,1,1,0,1,0,2,0,0,0,,,
89,2176736909,Claude,4,-1,-1,0,2,0,1,0,4,3,,,
90,783810668,ChatGPT,1,-1,1,0,2,1,1,0,3,2,,,
90,783810668,Grok,2,1,1,1,0,0,0,0,2,1,,,
90,783810668,Gemini,3,-1,-1,0,0,0,3,1,0,0,,,
90,783810668,Claude,4,1,-1,0,0,0,1,0,3,1,,,
91,1994060811,ChatGPT,1,1,1,0,1,0,0,0,8,2,,,
91,1994060811,Grok,2,-1,-1,1,0,0,1,1,6,4,,,
91,1994060811,Gemini,3,1,-1,0,0,0,2,0,0,0,,,
91,1994060811,Claude,4,-1,1,0,5,1,1,0,4,2,,,
92,192992941,Grok,1,-1,-1,0,0,0,1,1,9,4,,,
92,192992941,Gemini,2,1,-1,0,0,0,2,1,4,2,,,
92,192992941,Claude,3,-1,1,0,2,2,0,0,0,0,,,
92,192992941,ChatGPT,4,1,1,1,5,0,0,0,7,5,,,
93,2064593633,Grok,1,1,-1,1,0,0,0,0,11,5,,,
93,2064593633,Gemini,2,-1,1,0,1,1,1,0,0,0,,,
93,2064593633,Claude,3,1,1,0,7,0,0,0,9,6,,,
93,2064593633,ChatGPT,4,-1,-1,0,2,0,1,1,10,5,,,
94,2788506561,Grok,1,-1,1,0,1,0,0,0,5,1,,,
94,2788506561,Gemini,2,1,1,0,0,0,2,0,0,0,,,
94,2788506561,Claude,3,-1,-1,1,4,0,1,1,5,4,,,
94,2788506561,ChatGPT,4,1,-1,0,1,1,0,0,0,0,,,
95,965460643,Grok,1,1,1,0,1,1,1,0,4,0,,,
95,965460643,Gemini,2,-1,-1,0,0,0,4,2,0,0,,,
95,965460643,Claude,3,1,-1,1,0,0,0,0,2,1,,,
95,965460643,ChatGPT,4,-1,1,0,1,1,1,0,0,0,,,
96,2625633111,Gemini,1,-1,-1,0,0,0,2,0,0,0,,,
96,2625633111,Claude,2,1,-1,1,0,0,0,0,4,2,,,
96,2625633111,ChatGPT,3,-1,1,0,1,0,2,0,4,1,,,
96,2625633111,Grok,4,1,1,0,0,0,1,0,5,2,,,
97,354939876,Gemini,1,1,-1,0,2,0,5,3,4,2,,,
97,354939876,Claude,2,-1,1,0,2,1,1,0,5,2,,,
97,354939876,ChatGPT,3,1,1,0,2,2,0,0,5,0,,,
97,354939876,Grok,4,-1,-1,1,0,0,0,0,4,2,,,
98,3260290596,Gemini,1,-1,1,0,1,0,4,2,2,1,,,
98,3260290596,Claude,2,1,1,0,2,2,0,0,0,0,,,
98,3260290596,ChatGPT,3,-1,-1,0,0,0,2,0,0,0,,,
98,3260290596,Grok,4,1,-1,1,0,0,0,0,1,0,,,
99,1223849503,Gemini,1,1,1,0,1,1,1,0,0,0,,,
99,1223849503,Claude,2,-1,-1,0,2,0,3,1,4,3,,,
99,1223849503,ChatGPT,3,1,-1,1,0,0,0,0,3,1,,,
99,1223849503,Grok,4,-1,1,0,0,0,2,0,3,2,,,
100,2625633111,Claude,1,-1,-1,1,7,0,1,1,8,5,,,
100,2625633111,ChatGPT,2,1,-1,0,0,0,0,0,9,3,,,
100,2625633111,Grok,3,-1,1,0,1,1,0,0,4,1,,,
100,2625633111,Gemini,4,1,1,0,0,0,2,0,0,0,,,
101,1837016955,Claude,1,1,-1,1,2,0,0,0,7,5,,,
101,1837016955,ChatGPT,2,-1,1,0,0,0,1,0,8,4,,,
101,1837016955,Grok,3,1,1,0,0,0,0,0,4,2,,,
101,1837016955,Gemini,4,-1,-1,0,0,0,2,0,0,0,,,
102,2485707010,Claude,1,-1,1,0,1,1,1,0,0,0,,,
102,2485707010,ChatGPT,2,1,1,0,2,2,0,0,7,2,,,
102,2485707010,Grok,3,-1,-1,1,1,0,1,1,4,3,,,
102,2485707010,Gemini,4,1,-1,0,0,0,4,2,3,2,,,
103,1994060811,Claude,1,1,1,0,1,1,1,0,0,0,,,
103,1994060811,ChatGPT,2,-1,-1,0,0,0,3,1,3,2,,,
103,1994060811,Grok,3,1,-1,1,0,0,0,0,2,1,,,
103,1994060811,Gemini,4,-1,1,0,2,0,2,0,3,1,,,
104,1523901483,ChatGPT,1,-1,-1,0,0,0,2,0,0,0,,,
104,1523901483,Grok,2,1,-1,0,0,0,0,0,4,2,,,
104,1523901483,Gemini,3,-1,1,0,0,0,2,0,6,3,,,
104,1523901483,Claude,4,1,1,1,1,0,0,0,5,2,,,
105,2176736909,ChatGPT,1,1,-1,0,1,0,0,0,7,5,,,
105,2176736909,Grok,2,-1,1,0,1,1,0,0,4,2,,,
105,2176736909,Gemini,3,1,1,0,1,1,2,1,0,0,,,
105,2176736909,Claude,4,-1,-1,1,0,0,2,1,5,2,,,
106,94642831,ChatGPT,1,-1,1,0,2,1,2,1,4,3,,,
106,94642831,Grok,2,1,1,1,0,0,0,0,3,0,,,
106,94642831,Gemini,3,-1,-1,0,0,0,3,1,0,0,,,
106,94642831,Claude,4,1,-1,0,2,1,0,0,3,2,,,
107,2788506561,ChatGPT,1,1,1,0,0,0,0,0,10,5,,,
107,2788506561,Grok,2,-1,-1,1,0,0,0,0,9,5,,,
107,2788506561,Gemini,3,1,-1,0,0,0,2,0,10,5,,,
107,2788506561,Claude,4,-1,1,0,3,0,0,0,10,7,,,
108,1223849503,Grok,1,-1,-1,1,0,0,0,0,7,2,,,
108,1223849503,Gemini,2,1,-1,0,0,0,3,1,0,0,,,
108,1223849503,Claude,3,-1,1,0,1,1,0,0,4,2,,,
108,1223849503,ChatGPT,4,1,1,0,0,0,0,0,9,6,,,
109,783810668,Grok,1,1,-1,0,1,1,1,0,4,2,,,
109,783810668,Gemini,2,-1,1,0,1,1,2,1,5,1,,,
109,783810668,Claude,3,1,1,0,2,2,0,0,5,1,,,
109,783810668,ChatGPT,4,-1,-1,1,0,0,4,3,4,2,,,
110,192992941,Grok,1,-1,1,0,1,0,1,0,6,2,,,
110,192992941,Gemini,2,1,1,0,0,0,2,1,5,3,,,
110,192992941,Claude,3,-1,-1,0,1,1,1,0,5,2,,,
110,192992941,ChatGPT,4,1,-1,1,1,0,0,0,5,1,,,
111,3419729322,Grok,1,1,1,0,2,0,0,0,6,3,,,
111,3419729322,Gemini,2,-1,-1,0,0,0,3,1,0,0,,,
111,3419729322,Claude,3,1,-1,1,3,0,0,0,4,3,,,
111,3419729322,ChatGPT,4,-1,1,0,1,1,1,0,0,0,,,
112,3260290596,Gemini,1,-1,-1,0,0,0,3,1,0,0,,,
112,3260290596,Claude,2,1,-1,1,4,0,1,1,7,3,,,
112,3260290596,ChatGPT,3,-1,1,0,0,0,0,0,6,4,,,
112,3260290596,Grok,4,1,1,0,2,2,0,0,7,2,,,
113,965460643,Gemini,1,1,-1,0,0,0,3,1,0,0,,,
113,965460643,Claude,2,-1,1,1,8,0,1,0,7,4,,,
113,965460643,ChatGPT,3,1,1,0,1,1,0,0,4,0,,,
113,965460643,Grok,4,-1,-1,0,0,0,1,0,7,0,,,
114,354939876,Gemini,1,-1,1,0,1,0,2,0,0,0,,,
114,354939876,Claude,2,1,1,0,1,1,0,0,3,0,,,
114,354939876,ChatGPT,3,-1,-1,0,0,0,3,1,3,1,,,
114,354939876,Grok,4,1,-1,1,0,0,0,0,2,0,,,
115,2064593633,Gemini,1,1,1,0,1,0,3,1,0,0,,,
115,2064593633,Claude,2,-1,-1,1,3,0,1,0,7,2,,,
115,2064593633,ChatGPT,3,1,-1,0,0,0,2,0,7,3,,,
115,2064593633,Grok,4,-1,1,0,1,1,1,0,4,1,,,
116,2176736909,Claude,1,-1,-1,1,1,0,1,0,7,1,,,
116,2176736909,ChatGPT,2,1,-1,0,1,0,2,2,6,2,,,
116,2176736909,Grok,3,-1,1,0,4,1,1,0,4,2,,,
116,2176736909,Gemini,4,1,1,0,1,1,1,0,0,0,,,
117,3419729322,Claude,1,1,-1,0,1,1,0,0,4,2,,,
117,3419729322,ChatGPT,2,-1,1,0,1,0,1,0,4,3,,,
117,3419729322,Grok,3,1,1,1,0,0,1,0,4,1,,,
117,3419729322,Gemini,4,-1,-1,0,0,0,3,1,0,0,,,
118,783810668,Claude,1,-1,1,0,6,2,0,0,6,3,,,
118,783810668,ChatGPT,2,1,1,0,0,0,0,0,5,2,,,
118,783810668,Grok,3,-1,-1,1,0,0,2,2,7,2,,,
118,783810668,Gemini,4,1,-1,0,0,0,2,0,6,2,,,
119,1994060811,Claude,1,1,1,0,3,2,0,0,0,0,,,
119,1994060811,ChatGPT,2,-1,-1,0,0,0,2,1,2,1,,,
119,1994060811,Grok,3,1,-1,1,0,0,0,0,2,0,,,
119,1994060811,Gemini,4,-1,1,0,0,0,3,1,0,0,,,
120,965460643,ChatGPT,1,-1,-1,1,0,0,2,1,7,5,,,
120,965460643,Grok,2,1,-1,0,0,0,0,0,6,2,,,
120,965460643,Gemini,3,-1,1,0,4,0,2,1,5,1,,,
120,965460643,Claude,4,1,1,0,2,2,0,0,0,0,,,
121,2485707010,ChatGPT,1,1,-1,1,0,0,0,0,1,1,,,
121,2485707010,Grok,2,-1,1,0,2,1,1,0,0,0,,,
121,2485707010,Gemini,3,1,1,0,1,1,2,1,0,0,,,
121,2485707010,Claude,4,-1,-1,0,1,0,3,1,2,1,,,
122,2064593633,ChatGPT,1,-1,1,0,1,1,1,0,0,0,,,
122,2064593633,Grok,2,1,1,1,0,0,1,1,2,1,,,
122,2064593633,Gemini,3,-1,-1,0,0,0,3,1,0,0,,,
122,2064593633,Claude,4,1,-1,0,1,1,1,0,2,0,,,
123,3260290596,ChatGPT,1,1,1,1,0,0,0,0,6,1,,,
123,3260290596,Grok,2,-1,-1,0,0,0,1,0,6,2,,,
123,3260290596,Gemini,3,1,-1,0,0,0,2,0,0,0,,,
123,3260290596,Claude,4,-1,1,0,2,0,1,0,4,3,,,
124,1837016955,Grok,1,-1,-1,0,2,1,0,0,8,2,,,
124,1837016955,Gemini,2,1,-1,0,0,0,1,0,6,2,,,
124,1837016955,Claude,3,-1,1,1,0,0,2,2,7,2,,,
124,1837016955,ChatGPT,4,1,1,0,2,1,0,0,8,4,,,
125,1223849503,Grok,1,1,-1,1,0,0,0,0,7,3,,,
125,1223849503,Gemini,2,-1,1,0,1,1,2,1,0,0,,,
125,1223849503,Claude,3,1,1,0,1,1,0,0,7,2,,,
125,1223849503,ChatGPT,4,-1,-1,0,0,0,1,1,10,5,,,
126,192992941,Grok,1,-1,1,0,1,1,1,0,6,3,,,
126,192992941,Gemini,2,1,1,0,0,0,4,2,6,3,,,
126,192992941,Claude,3,-1,-1,0,1,1,1,0,0,0,,,
126,192992941,ChatGPT,4,1,-1,1,0,0,0,0,6,2,,,
127,2625633111,Grok,1,1,1,0,8,0,0,0,10,7,,,
127,2625633111,Gemini,2,-1,-1,0,0,0,2,0,0,0,,,
127,2625633111,Claude,3,1,-1,0,3,0,0,0,8,4,,,
127,2625633111,ChatGPT,4,-1,1,1,4,0,0,0,10,4,,,
128,94642831,Gemini,1,-1,-1,0,0,0,2,0,0,0,,,
128,94642831,Claude,2,1,-1,0,0,0,1,0,0,0,,,
128,94642831,ChatGPT,3,-1,1,0,0,0,2,0,2,1,,,
128,94642831,Grok,4,1,1,1,1,0,0,0,2,1,,,
129,1523901483,Gemini,1,1,-1,0,0,0,3,1,0,0,,,
129,1523901483,Claude,2,-1,1,1,3,0,0,0,2,0,,,
129,1523901483,ChatGPT,3,1,1,0,1,1,0,0,3,1,,,
129,1523901483,Grok,4,-1,-1,0,0,0,1,0,3,1,,,
130,354939876,Gemini,1,-1,1,0,2,2,0,0,0,0,,,
130,354939876,Claude,2,1,1,0,2,2,2,2,3,3,,,
130,354939876,ChatGPT,3,-1,-1,0,0,0,3,1,3,1,,,
130,354939876,Grok,4,1,-1,1,0,0,1,1,2,0,,,
131,2788506561,Gemini,1,1,1,0,2,0,4,2,5,2,,,
131,2788506561,Claude,2,-1,-1,1,0,0,0,0,5,2,,,
131,2788506561,ChatGPT,3,1,-1,0,0,0,0,0,6,4,,,
131,2788506561,Grok,4,-1,1,0,2,2,0,0,5,3,,,
132,1994060811,Claude,1,-1,-1,0,0,0,2,0,0,0,,,
132,1994060811,ChatGPT,2,1,-1,1,1,0,0,0,5,3,,,
132,1994060811,Grok,3,-1,1,0,1,1,0,0,3,2,,,
132,1994060811,Gemini,4,1,1,0,1,0,3,1,8,3,,,
133,1523901483,Claude,1,1,-1,0,2,1,0,0,4,1,,,
133,1523901483,ChatGPT,2,-1,1,0,2,0,2,1,6,2,,,
133,1523901483,Grok,3,1,1,1,0,0,0,0,5,2,,,
133,1523901483,Gemini,4,-1,-1,0,0,0,2,0,0,0,,,
134,3419729322,Claude,1,-1,1,0,4,1,1,1,8,4,,,
134,3419729322,ChatGPT,2,1,1,0,2,1,0,0,8,5,,,
134,3419729322,Grok,3,-1,-1,1,1,0,1,1,7,1,,,
134,3419729322,Gemini,4,1,-1,0,1,0,2,0,6,3,,,
135,2176736909,Claude,1,1,1,0,3,1,0,0,4,3,,,
135,2176736909,ChatGPT,2,-1,-1,0,0,0,3,1,0,0,,,
135,2176736909,Grok,3,1,-1,0,1,1,0,0,7,4,,,
135,2176736909,Gemini,4,-1,1,1,0,0,1,1,6,0,,,
136,2625633111,ChatGPT,1,-1,-1,0,0,0,2,0,0,0,,,
136,2625633111,Grok,2,1,-1,1,0,0,1,1,5,1,,,
136,2625633111,Gemini,3,-1,1,0,1,0,3,1,4,1,,,
136,2625633111,Claude,4,1,1,0,4,2,0,0,6,3,,,
137,965460643,ChatGPT,1,1,-1,1,0,0,0,0,6,3,,,
137,965460643,Grok,2,-1,1,0,3,1,0,0,5,3,,,
137,965460643,Gemini,3,1,1,0,1,0,2,2,7,1,,,
137,965460643,Claude,4,-1,-1,0,1,1,1,0,8,5,,,
138,1223849503,ChatGPT,1,-1,1,0,1,1,1,0,0,0,,,
138,1223849503,Grok,2,1,1,0,2,0,0,0,8,3,,,
138,1223849503,Gemini,3,-1,-1,0,0,0,3,1,0,0,,,
138,1223849503,Claude,4,1,-1,1,11,0,1,0,11,9,,,
139,2788506561,ChatGPT,1,1,1,1,0,0,1,1,9,6,,,
139,2788506561,Grok,2,-1,-1,0,0,0,0,0,9,4,,,
139,2788506561,Gemini,3,1,-1,0,0,0,1,0,6,1,,,
139,2788506561,Claude,4,-1,1,0,3,1,0,0,5,3,,,
140,3260290596,Grok,1,-1,-1,0,0,0,0,0,10,4,,,
140,3260290596,Gemini,2,1,-1,0,0,0,3,1,6,3,,,
140,3260290596,Claude,3,-1,1,1,8,0,0,0,12,9,,,
140,3260290596,ChatGPT,4,1,1,0,1,1,0,0,12,6,,,
141,1837016955,Grok,1,1,-1,0,0,0,0,0,4,0,,,
141,1837016955,Gemini,2,-1,1,0,1,1,1,0,0,0,,,
141,1837016955,Claude,3,1,1,1,4,0,0,0,4,0,,,
141,1837016955,ChatGPT,4,-1,-1,0,0,0,3,1,0,0,,,
142,354939876,Grok,1,-1,1,0,3,2,0,0,7,3,,,
142,354939876,Gemini,2,1,1,1,2,0,4,3,6,2,,,
142,354939876,Claude,3,-1,-1,0,1,1,1,0,8,4,,,
142,354939876,ChatGPT,4,1,-1,0,0,0,1,0,5,1,,,
143,783810668,Grok,1,1,1,0,2,2,0,0,0,0,,,
143,783810668,Gemini,2,-1,-1,1,2,1,2,2,5,4,,,
143,783810668,Claude,3,1,-1,0,0,0,2,1,6,4,,,
143,783810668,ChatGPT,4,-1,1,0,2,1,1,1,3,1,,,
144,192992941,Gemini,1,-1,-1,0,0,0,2,0,0,0,,,
144,192992941,Claude,2,1,-1,0,2,1,0,0,4,1,,,
144,192992941,ChatGPT,3,-1,1,1,3,0,2,1,4,3,,,
144,192992941,Grok,4,1,1,0,0,0,1,0,4,2,,,
145,2064593633,Gemini,1,1,-1,0,0,0,3,1,0,0,,,
145,2064593633,Claude,2,-1,1,0,4,2,2,2,3,2,,,
145,2064593633,ChatGPT,3,1,1,0,2,1,1,0,3,1,,,
145,2064593633,Grok,4,-1,-1,1,1,1,1,1,2,0,,,
146,94642831,Gemini,1,-1,1,0,1,1,1,0,0,0,,,
146,94642831,Claude,2,1,1,1,1,1,2,2,4,0,,,
146,94642831,ChatGPT,3,-1,-1,0,0,0,3,1,4,2,,,
146,94642831,Grok,4,1,-1,0,1,1,0,0,4,3,,,
147,2485707010,Gemini,1,1,1,0,5,1,4,3,7,3,,,
147,2485707010,Claude,2,-1,-1,0,2,2,0,0,7,1,,,
147,2485707010,ChatGPT,3,1,-1,1,0,0,1,1,5,2,,,
147,2485707010,Grok,4,-1,1,0,2,1,0,0,4,2,,,
148,1523901483,Claude,1,-1,-1,0,2,0,3,2,8,2,,,
148,1523901483,ChatGPT,2,1,-1,0,5,2,0,0,5,4,,,
148,1523901483,Grok,3,-1,1,1,0,0,0,0,7,5,,,
148,1523901483,Gemini,4,1,1,0,0,0,2,0,0,0,,,
149,94642831,Claude,1,1,-1,1,2,1,2,2,3,1,,,
149,94642831,ChatGPT,2,-1,1,0,1,1,1,0,0,0,,,
149,94642831,Grok,3,1,1,0,2,2,0,0,3,0,,,
149,94642831,Gemini,4,-1,-1,0,0,0,4,2,2,1,,,
150,783810668,Claude,1,-1,1,0,2,1,0,0,6,4,,,
150,783810668,ChatGPT,2,1,1,0,0,0,0,0,9,4,,,
150,783810668,Grok,3,-1,-1,1,0,0,0,0,9,7,,,
150,783810668,Gemini,4,1,-1,0,0,0,3,1,5,2,,,
151,965460643,Claude,1,1,1,0,2,2,0,0,0,0,,,
151,965460643,ChatGPT,2,-1,-1,0,0,0,3,1,0,0,,,
151,965460643,Grok,3,1,-1,0,1,1,0,0,1,0,,,
151,965460643,Gemini,4,-1,1,1,2,0,3,2,2,1,,,
152,2625633111,ChatGPT,1,-1,-1,0,0,0,2,0,6,4,,,
152,2625633111,Grok,2,1,-1,1,0,0,1,1,5,0,,,
152,2625633111,Gemini,3,-1,1,0,0,0,2,0,0,0,,,
152,2625633111,Claude,4,1,1,0,2,1,0,0,4,1,,,
153,354939876,ChatGPT,1,1,-1,1,1,0,0,0,8,7,,,
153,354939876,Grok,2,-1,1,0,1,1,0,0,7,4,,,
153,354939876,Gemini,3,1,1,0,1,0,2,0,0,0,,,
153,354939876,Claude,4,-1,-1,0,3,0,1,1,10,8,,,
154,1223849503,ChatGPT,1,-1,1,0,0,0,2,0,0,0,,,
154,1223849503,Grok,2,1,1,0,6,0,0,0,9,8,,,
154,1223849503,Gemini,3,-1,-1,0,0,0,2,0,4,1,,,
154,1223849503,Claude,4,1,-1,1,1,0,0,0,7,2,,,
155,1837016955,ChatGPT,1,1,1,0,0,0,0,0,8,3,,,
155,1837016955,Grok,2,-1,-1,1,0,0,1,1,8,6,,,
155,1837016955,Gemini,3,1,-1,0,0,0,2,1,4,2,,,
155,1837016955,Claude,4,-1,1,0,2,2,0,0,0,0,,,
156,3260290596,Grok,1,-1,-1,0,0,0,0,0,15,6,,,
156,3260290596,Gemini,2,1,-1,0,0,0,1,1,9,2,,,
156,3260290596,Claude,3,-1,1,0,2,1,0,0,6,3,,,
156,3260290596,ChatGPT,4,1,1,1,7,0,0,0,14,10,,,
157,2485707010,Grok,1,1,-1,0,0,0,1,0,2,0,,,
157,2485707010,Gemini,2,-1,1,0,1,1,1,0,0,0,,,
157,2485707010,Claude,3,1,1,1,1,0,0,0,1,0,,,
157,2485707010,ChatGPT,4,-1,-1,0,0,0,3,1,0,0,,,
158,3419729322,Grok,1,-1,1,1,1,0,1,1,6,2,,,
158,3419729322,Gemini,2,1,1,0,0,0,2,0,0,0,,,
158,3419729322,Claude,3,-1,-1,0,2,0,2,0,6,3,,,
158,3419729322,ChatGPT,4,1,-1,0,1,1,0,0,6,3,,,
159,1994060811,Grok,1,1,1,0,1,1,0,0,3,1,,,
159,1994060811,Gemini,2,-1,-1,0,0,0,3,1,0,0,,,
159,1994060811,Claude,3,1,-1,1,1,0,0,0,2,0,,,
159,1994060811,ChatGPT,4,-1,1,0,0,0,2,0,3,2,,,
160,2064593633,Gemini,1,-1,-1,0,1,0,2,0,0,0,,,
160,2064593633,Claude,2,1,-1,0,1,1,1,0,0,0,,,
160,2064593633,ChatGPT,3,-1,1,0,3,0,3,1,4,0,,,
160,2064593633,Grok,4,1,1,1,0,0,0,0,2,0,,,
161,2176736909,Gemini,1,1,-1,0,1,1,2,1,0,0,,,
161,2176736909,Claude,2,-1,1,1,3,0,0,0,5,5,,,
161,2176736909,ChatGPT,3,1,1,0,1,1,0,0,4,4,,,
161,2176736909,Grok,4,-1,-1,0,0,0,2,1,5,2,,,
162,192992941,Gemini,1,-1,1,0,2,0,2,0,0,0,,,
162,192992941,Claude,2,1,1,1,5,0,1,0,6,5,,,
162,192992941,ChatGPT,3,-1,-1,0,0,0,2,0,0,0,,,
162,192992941,Grok,4,1,-1,0,0,0,0,0,4,3,,,
163,2788506561,Gemini,1,1,1,0,2,1,2,1,0,0,,,
163,2788506561,Claude,2,-1,-1,0,1,1,1,0,0,0,,,
163,2788506561,ChatGPT,3,1,-1,0,1,1,2,1,2,1,,,
163,2788506561,Grok,4,-1,1,1,0,0,2,1,2,1,,,
164,1153661519,ChatGPT,1,-1,-1,0,0,0,3,2,2,1,,,
164,1153661519,Gemini,2,-1,-1,0,1,1,1,0,0,0,,,
164,1153661519,Grok,3,-1,-1,1,0,0,0,0,2,0,,,
164,1153661519,Mistral,4,-1,-1,0,1,1,1,0,0,0,,,
165,3977195492,ChatGPT,1,1,-1,1,5,0,0,0,17,6,,,
165,3977195492,Gemini,2,1,-1,0,2,0,1,0,10,2,,,
165,3977195492,Grok,3,1,-1,0,3,0,0,0,12,5,,,
165,3977195492,Mistral,4,1,-1,0,0,0,2,0,0,0,,,
166,1317300980,ChatGPT,1,1,-1,1,0,0,0,0,11,5,14,9,
166,1317300980,Gemini,2,1,-1,0,1,0,1,0,8,3,6,5,
166,1317300980,Grok,3,1,-1,0,0,0,0,0,13,9,12,3,
166,1317300980,Mistral,4,1,-1,0,0,0,2,0,0,0,0,0,
167,2625633111,Claude,1,1,-1,0,7,0,0,0,12,6,9,5,27
167,2625633111,ChatGPT,2,1,-1,1,0,0,0,0,9,6,13,6,
167,2625633111,Grok,3,1,-1,0,0,0,0,0,7,3,6,4,16
167,2625633111,Gemini,4,1,-1,0,0,0,2,0,0,0,0,0,3
168,2485707010,Claude,1,1,-1,0,4,1,1,0,5,2,3,3,11
168,2485707010,ChatGPT,2,1,-1,0,0,0,2,0,8,2,10,3,22
168,2485707010,Grok,3,1,-1,1,0,0,0,0,9,5,7,2,
168,2485707010,Gemini,4,1,-1,0,0,0,3,1,8,3,10,4,21
169,2788506561,Claude,1,1,-1,0,3,0,2,1,4,1,2,1,9
169,2788506561,ChatGPT,2,1,-1,1,0,0,0,0,7,0,9,5,
169,2788506561,Grok,3,1,-1,0,2,0,0,0,8,5,8,0,23
169,2788506561,Gemini,4,1,-1,0,1,1,0,0,0,0,0,0,5
170,3260290596,Claude,1,1,-1,0,0,0,1,0,6,4,6,5,12
170,3260290596,ChatGPT,2,1,-1,1,0,0,0,0,14,8,18,17,
170,3260290596,Grok,3,1,-1,0,2,0,0,0,17,15,15,8,34
170,3260290596,Gemini,4,1,-1,0,0,0,2,0,10,6,8,3,16
171,1223849503,ChatGPT,1,1,-1,0,1,0,1,0,8,6,5,3,16
171,1223849503,Grok,2,1,-1,0,0,0,0,0,11,8,10,7,25
171,1223849503,Gemini,3,1,-1,0,0,0,2,0,5,2,3,0,9
171,1223849503,Claude,4,1,-1,1,0,0,0,0,8,5,14,11,
172,354939876,ChatGPT,1,1,-1,0,0,0,0,0,12,11,13,5,28
172,354939876,Grok,2,1,-1,1,0,0,0,0,11,6,14,13,
172,354939876,Gemini,3,1,-1,0,0,0,2,0,0,0,0,0,8
172,354939876,Claude,4,1,-1,0,0,0,0,0,12,7,8,6,21
173,783810668,ChatGPT,1,1,-1,0,0,0,1,0,11,4,10,3,24
173,783810668,Grok,2,1,-1,0,1,1,1,0,0,0,0,0,8
173,783810668,Gemini,3,1,-1,0,3,1,0,0,11,3,10,4,21
173,783810668,Claude,4,1,-1,1,1,0,2,2,10,4,12,4,
174,192992941,ChatGPT,1,1,-1,1,0,0,0,0,6,1,8,3,
174,192992941,Grok,2,1,-1,0,0,0,0,0,4,0,4,3,14
174,192992941,Gemini,3,1,-1,0,0,0,2,0,0,0,0,0,8
174,192992941,Claude,4,1,-1,0,5,0,0,0,8,5,6,0,21
175,965460643,Grok,1,1,-1,0,0,0,2,1,4,2,2,2,12
175,965460643,Gemini,2,1,-1,0,1,1,1,0,0,0,0,0,1
175,965460643,Claude,3,1,-1,1,0,0,0,0,5,2,6,4,
175,965460643,ChatGPT,4,1,-1,0,0,0,1,0,5,3,6,1,15
176,1994060811,Grok,1,1,-1,1,0,0,0,0,16,10,26,13,
176,1994060811,Gemini,2,1,-1,0,1,0,2,0,23,12,14,12,49
176,1994060811,Claude,3,1,-1,0,1,0,1,0,5,3,6,4,16
176,1994060811,ChatGPT,4,1,-1,0,2,0,0,0,14,10,12,6,30
177,1837016955,Grok,1,1,-1,0,0,0,0,0,11,4,8,5,25
177,1837016955,Gemini,2,1,-1,0,0,0,2,0,0,0,0,0,7
177,1837016955,Claude,3,1,-1,0,2,0,0,0,7,2,6,0,18
177,1837016955,ChatGPT,4,1,-1,1,0,0,0,0,8,4,12,5,
178,1523901483,Grok,1,1,-1,0,0,0,0,0,9,7,8,6,20
178,1523901483,Gemini,2,1,-1,0,1,0,1,0,6,3,3,0,11
178,1523901483,Claude,3,1,-1,0,0,0,0,0,13,11,14,12,29
178,1523901483,ChatGPT,4,1,-1,1,1,0,0,0,12,9,15,12,
179,2064593633,Gemini,1,1,-1,0,0,0,2,0,0,0,0,0,6
179,2064593633,Claude,2,1,-1,0,5,0,1,0,12,2,9,1,27
179,2064593633,ChatGPT,3,1,-1,1,3,0,0,0,9,2,13,0,
179,2064593633,Grok,4,1,-1,0,0,0,0,0,7,1,6,4,18
180,3419729322,Gemini,1,1,-1,0,0,0,2,0,0,0,0,0,3
180,3419729322,Claude,2,1,-1,1,10,0,0,0,13,5,12,8,
180,3419729322,ChatGPT,3,1,-1,0,1,0,0,0,11,9,14,4,31
180,3419729322,Grok,4,1,-1,0,0,0,0,0,8,4,6,6,17
181,2176736909,Gemini,1,1,-1,0,2,2,0,0,0,0,0,0,3
181,2176736909,Claude,2,1,-1,1,0,0,3,3,16,10,11,10,
181,2176736909,ChatGPT,3,1,-1,0,2,1,0,0,12,11,17,8,34
181,2176736909,Grok,4,1,-1,0,2,1,1,1,10,6,10,9,20
182,94642831,Gemini,1,1,-1,0,0,0,2,0,0,0,0,0,7
182,94642831,Claude,2,1,-1,1,0,0,0,0,9,5,11,6,
182,94642831,ChatGPT,3,1,-1,0,0,0,0,0,7,3,8,4,18
182,94642831,Grok,4,1,-1,0,0,0,0,0,11,6,8,4,26
183,3419729322,Claude,1,1,-1,0,2,1,0,0,3,1,4,3,10
183,3419729322,ChatGPT,2,1,-1,0,2,1,1,0,4,3,2,0,7
183,3419729322,Grok,3,1,-1,1,0,0,2,2,3,1,4,2,
183,3419729322,Gemini,4,1,-1,0,0,0,2,0,0,0,0,0,3
184,1523901483,Claude,1,1,-1,0,0,0,1,0,4,2,4,4,10
184,1523901483,ChatGPT,2,1,-1,1,0,0,0,0,8,7,8,4,
184,1523901483,Grok,3,1,-1,0,0,0,1,0,8,5,8,6,21
184,1523901483,Gemini,4,1,-1,0,0,0,2,0,0,0,0,0,5
185,3260290596,Claude,1,1,-1,0,1,1,1,0,0,0,0,0,3
185,3260290596,ChatGPT,2,1,-1,0,2,0,0,0,9,4,9,4,23
185,3260290596,Grok,3,1,-1,1,0,0,1,1,8,4,10,4,
185,3260290596,Gemini,4,1,-1,0,0,0,1,0,4,1,2,1,9
186,2064593633,Claude,1,1,-1,0,0,0,0,0,4,2,4,3,12
186,2064593633,ChatGPT,2,1,-1,1,0,0,0,0,4,4,4,2,
186,2064593633,Grok,3,1,-1,0,0,0,2,0,4,2,4,3,12
186,2064593633,Gemini,4,1,-1,0,0,0,1,0,0,0,0,0,5
187,1994060811,ChatGPT,1,1,-1,1,3,0,0,0,6,3,11,5,
187,1994060811,Grok,2,1,-1,0,1,1,0,0,3,0,2,0,11
187,1994060811,Gemini,3,1,-1,0,0,0,2,0,0,0,0,0,8
187,1994060811,Claude,4,1,-1,0,1,0,2,1,10,5,6,3,26
188,192992941,ChatGPT,1,1,-1,0,0,0,0,0,8,5,6,3,15
188,192992941,Grok,2,1,-1,1,0,0,0,0,10,7,14,6,
188,192992941,Gemini,3,1,-1,0,0,0,2,0,0,0,0,0,6
188,192992941,Claude,4,1,-1,0,0,0,2,0,13,6,11,9,28
189,94642831,ChatGPT,1,1,-1,0,1,1,1,0,5,2,3,0,13
189,94642831,Grok,2,1,-1,0,0,0,1,0,6,2,7,4,14
189,94642831,Gemini,3,1,-1,0,0,0,2,1,5,3,3,2,10
189,94642831,Claude,4,1,-1,1,0,0,0,0,5,2,8,3,
190,1837016955,ChatGPT,1,1,-1,0,0,0,1,0,4,2,4,2,12
190,1837016955,Grok,2,1,-1,1,1,0,0,0,7,2,9,4,
190,1837016955,Gemini,3,1,-1,0,0,0,2,0,0,0,0,0,6
190,1837016955,Claude,4,1,-1,0,6,0,0,0,9,3,7,1,22
191,354939876,Grok,1,1,-1,0,4,0,2,2,50,34,53,32,109
191,354939876,Gemini,2,1,-1,0,1,1,2,1,0,0,0,0,5
191,354939876,Claude,3,1,-1,0,3,2,0,0,8,4,4,1,18
191,354939876,ChatGPT,4,1,-1,1,19,0,0,0,51,30,52,35,
192,2485707010,Grok,1,1,-1,0,0,0,0,0,14,13,12,5,26
192,2485707010,Gemini,2,1,-1,0,0,0,3,1,6,3,6,4,11
192,2485707010,Claude,3,1,-1,0,1,1,0,0,6,4,6,4,12
192,2485707010,ChatGPT,4,1,-1,1,1,0,0,0,12,6,14,13,
193,783810668,Grok,1,1,-1,0,1,1,0,0,8,6,6,2,15
193,783810668,Gemini,2,1,-1,0,0,0,2,0,0,0,0,0,7
193,783810668,Claude,3,1,-1,1,0,0,0,0,11,6,13,11,
193,783810668,ChatGPT,4,1,-1,0,0,0,1,1,12,8,12,7,28
194,965460643,Grok,1,1,-1,0,2,1,0,0,16,6,14,7,35
194,965460643,Gemini,2,1,-1,0,2,0,3,1,11,3,9,3,23
194,965460643,Claude,3,1,-1,1,3,1,1,1,15,4,17,7,
194,965460643,ChatGPT,4,1,-1,0,0,0,0,0,14,5,16,1,31
195,2788506561,Gemini,1,1,-1,0,0,0,2,0,0,0,0,0,4
195,2788506561,Claude,2,1,-1,1,6,0,0,0,9,6,12,6,
195,2788506561,ChatGPT,3,1,-1,0,0,0,0,0,8,5,6,5,19
195,2788506561,Grok,4,1,-1,0,0,0,0,0,11,7,10,7,26
196,2176736909,Gemini,1,1,-1,0,0,0,2,0,0,0,0,0,6
196,2176736909,Claude,2,1,-1,0,0,0,2,0,18,8,22,13,38
196,2176736909,ChatGPT,3,1,-1,0,0,0,0,0,22,13,14,4,40
196,2176736909,Grok,4,1,-1,1,0,0,0,0,18,5,22,9,
197,1223849503,Gemini,1,1,-1,0,0,0,2,0,0,0,0,0,4
197,1223849503,Claude,2,1,-1,0,3,1,0,0,7,5,8,4,16
197,1223849503,ChatGPT,3,1,-1,0,1,0,1,0,8,5,9,6,20
197,1223849503,Grok,4,1,-1,1,0,0,1,1,9,5,7,5,
198,2625633111,Gemini,1,1,-1,0,0,0,2,0,0,0,0,0,7
198,2625633111,Claude,2,1,-1,1,0,0,1,0,8,2,7,7,
198,2625633111,ChatGPT,3,1,-1,0,1,0,1,0,6,4,8,2,14
198,2625633111,Grok,4,1,-1,0,1,0,0,0,8,5,7,2,19
199,192992941,Claude,1,1,-1,0,8,0,0,0,14,7,16,4,30
199,192992941,ChatGPT,2,1,-1,1,0,0,0,0,13,3,17,11,
199,192992941,Grok,3,1,-1,0,0,0,0,0,13,5,10,1,21
199,192992941,Gemini,4,1,-1,0,0,0,1,0,6,1,3,0,9
200,3419729322,Claude,1,1,-1,0,5,0,1,1,9,6,7,6,21
200,3419729322,ChatGPT,2,1,-1,0,0,0,0,0,7,5,6,6,14
200,3419729322,Grok,3,1,-1,1,0,0,0,0,7,6,10,5,
200,3419729322,Gemini,4,1,-1,0,1,1,1,0,0,0,0,0,5
201,1994060811,Claude,1,1,-1,0,2,1,2,1,10,5,10,8,22
201,1994060811,ChatGPT,2,1,-1,0,2,1,0,0,8,5,8,4,17
201,1994060811,Grok,3,1,-1,1,2,0,1,1,10,7,10,5,
201,1994060811,Gemini,4,1,-1,0,0,0,2,0,0,0,0,0,5
202,2485707010,Claude,1,1,-1,0,5,0,1,0,7,6,6,3,20
202,2485707010,ChatGPT,2,1,-1,1,0,0,0,0,5,1,8,8,
202,2485707010,Grok,3,1,-1,0,0,0,1,0,4,4,2,0,11
202,2485707010,Gemini,4,1,-1,0,0,0,2,0,0,0,0,0,7
203,1837016955,ChatGPT,1,1,-1,0,0,0,1,0,9,3,12,6,21
203,1837016955,Grok,2,1,-1,1,0,0,0,0,9,4,12,5,
203,1837016955,Gemini,3,1,-1,0,0,0,2,1,5,2,3,1,9
203,1837016955,Claude,4,1,-1,0,1,1,0,0,9,5,5,2,18
204,1523901483,ChatGPT,1,1,-1,0,0,0,1,0,9,6,8,4,21
204,1523901483,Grok,2,1,-1,1,0,0,1,1,8,7,10,4,
204,1523901483,Gemini,3,1,-1,0,2,0,1,0,6,1,3,3,16
204,1523901483,Claude,4,1,-1,0,1,1,0,0,8,5,10,8,21
205,1223849503,ChatGPT,1,1,-1,0,5,2,1,1,6,4,8,5,20
205,1223849503,Grok,2,1,-1,1,3,0,0,0,8,6,7,2,
205,1223849503,Gemini,3,1,-1,0,0,0,2,0,0,0,0,0,8
205,1223849503,Claude,4,1,-1,0,1,1,2,2,8,4,7,7,21
206,354939876,ChatGPT,1,1,-1,0,0,0,1,0,4,1,2,0,13
206,354939876,Grok,2,1,-1,1,0,0,0,0,6,0,8,4,
206,354939876,Gemini,3,1,-1,0,0,0,2,0,0,0,0,0,8
206,354939876,Claude,4,1,-1,0,1,0,1,0,7,3,7,0,19
207,2788506561,Grok,1,1,-1,1,1,0,0,0,15,11,18,9,
207,2788506561,Gemini,2,1,-1,0,0,0,3,1,5,1,3,3,9
207,2788506561,Claude,3,1,-1,0,4,1,1,0,16,10,9,4,27
207,2788506561,ChatGPT,4,1,-1,0,0,0,1,0,14,11,20,17,35
208,2176736909,Grok,1,1,-1,0,1,0,1,0,8,6,11,2,21
208,2176736909,Gemini,2,1,-1,0,0,0,1,0,6,1,3,2,9
208,2176736909,Claude,3,1,-1,0,4,0,1,0,8,4,8,2,18
208,2176736909,ChatGPT,4,1,-1,1,0,0,0,0,9,3,9,8,
209,2625633111,Grok,1,1,-1,0,0,0,0,0,8,4,8,4,21
209,2625633111,Gemini,2,1,-1,0,0,0,2,0,0,0,0,0,5
209,2625633111,Claude,3,1,-1,0,6,0,0,0,8,5,8,1,22
209,2625633111,ChatGPT,4,1,-1,1,0,0,0,0,8,2,8,6,
210,783810668,Grok,1,1,-1,0,1,1,1,0,5,3,3,0,9
210,783810668,Gemini,2,1,-1,1,2,0,2,2,5,2,8,3,
210,783810668,Claude,3,1,-1,0,1,1,1,0,5,0,3,0,11
210,783810668,ChatGPT,4,1,-1,0,0,0,0,0,6,2,7,4,17
211,965460643,Gemini,1,1,-1,0,0,0,2,0,0,0,0,0,7
211,965460643,Claude,2,1,-1,1,9,0,0,0,11,4,14,5,
211,965460643,ChatGPT,3,1,-1,0,0,0,0,0,8,1,6,0,15
211,965460643,Grok,4,1,-1,0,0,0,0,0,13,5,12,5,29
212,94642831,Gemini,1,1,-1,0,0,0,2,0,0,0,0,0,6
212,94642831,Claude,2,1,-1,0,1,0,1,0,9,3,9,5,18
212,94642831,ChatGPT,3,1,-1,1,0,0,0,0,8,4,10,4,
212,94642831,Grok,4,1,-1,0,0,0,0,0,8,4,6,2,15
213,2064593633,Gemini,1,1,-1,0,1,1,1,0,0,0,0,0,3
213,2064593633,Claude,2,1,-1,0,0,0,3,1,5,1,8,7,18
213,2064593633,ChatGPT,3,1,-1,1,3,1,0,0,7,7,6,0,
213,2064593633,Grok,4,1,-1,0,0,0,1,1,4,1,2,2,11
214,3260290596,Gemini,1,1,-1,0,0,0,2,0,0,0,0,0,6
214,3260290596,Claude,2,1,-1,1,0,0,0,0,17,11,18,17,
214,3260290596,ChatGPT,3,1,-1,0,2,0,0,0,17,14,18,10,38
214,3260290596,Grok,4,1,-1,0,0,0,0,0,12,8,10,6,24
215,2788506561,Claude,1,1,-1,0,3,1,1,0,0,0,0,0,8
215,2788506561,ChatGPT,2,1,-1,1,0,0,2,1,4,1,3,3,
215,2788506561,Grok,3,1,-1,0,1,1,0,0,3,2,5,1,15
215,2788506561,Gemini,4,1,-1,0,0,0,2,1,3,1,2,0,9
216,783810668,Claude,1,1,-1,0,3,1,0,0,4,1,4,2,11
216,783810668,ChatGPT,2,1,-1,0,0,0,0,0,6,4,5,2,13
216,783810668,Grok,3,1,-1,1,0,0,1,1,5,2,6,3,
216,783810668,Gemini,4,1,-1,0,0,0,2,0,0,0,0,0,6
217,1223849503,Claude,1,1,-1,0,1,0,1,0,5,4,3,0,14
217,1223849503,ChatGPT,2,1,-1,0,0,0,0,0,9,3,12,5,28
217,1223849503,Grok,3,1,-1,1,0,0,0,0,10,3,11,5,
217,1223849503,Gemini,4,1,-1,0,0,0,1,0,5,2,3,2,9
218,3260290596,Claude,1,1,-1,0,3,0,1,0,5,4,3,0,13
218,3260290596,ChatGPT,2,1,-1,1,0,0,0,0,3,1,6,4,
218,3260290596,Grok,3,1,-1,0,0,0,1,0,3,1,2,2,8
218,3260290596,Gemini,4,1,-1,0,0,0,2,0,0,0,0,0,6
219,94642831,ChatGPT,1,1,-1,1,0,0,0,0,9,5,12,7,
219,94642831,Grok,2,1,-1,0,0,0,0,0,10,5,11,8,21
219,94642831,Gemini,3,1,-1,0,0,0,2,0,6,3,3,1,12
219,94642831,Claude,4,1,-1,0,2,0,0,0,9,6,8,3,20
220,2176736909,ChatGPT,1,1,-1,0,1,1,1,0,0,0,0,0,4
220,2176736909,Grok,2,1,-1,0,1,1,1,0,3,1,2,1,8
220,2176736909,Gemini,3,1,-1,0,0,0,2,1,3,2,5,1,12
220,2176736909,Claude,4,1,-1,1,0,0,2,1,4,1,3,2,
221,965460643,ChatGPT,1,1,-1,0,3,1,1,0,11,2,14,7,33
221,965460643,Grok,2,1,-1,0,3,1,0,0,10,6,10,4,24
221,965460643,Gemini,3,1,-1,0,2,1,2,1,5,1,6,2,16
221,965460643,Claude,4,1,-1,1,4,1,3,3,13,6,9,2,
222,2064593633,ChatGPT,1,1,-1,0,4,1,1,0,8,4,9,0,21
222,2064593633,Grok,2,1,-1,1,0,0,1,1,7,2,10,6,
222,2064593633,Gemini,3,1,-1,0,0,0,2,1,5,2,3,2,9
222,2064593633,Claude,4,1,-1,0,1,1,1,0,5,3,3,3,13
223,1994060811,Grok,1,1,-1,0,1,0,0,0,16,7,18,12,40
223,1994060811,Gemini,2,1,-1,0,0,0,1,0,6,4,6,4,12
223,1994060811,Claude,3,1,-1,1,15,0,1,0,16,10,18,13,
223,1994060811,ChatGPT,4,1,-1,0,1,0,0,0,16,13,12,5,32
224,2625633111,Grok,1,1,-1,0,0,0,0,0,12,6,11,7,26
224,2625633111,Gemini,2,1,-1,0,0,0,2,1,10,6,9,5,20
224,2625633111,Claude,3,1,-1,0,1,1,0,0,10,5,9,6,19
224,2625633111,ChatGPT,4,1,-1,1,0,0,0,0,11,7,14,6,
225,354939876,Grok,1,1,-1,0,0,0,0,0,7,5,6,1,18
225,354939876,Gemini,2,1,-1,0,0,0,2,0,0,0,0,0,5
225,354939876,Claude,3,1,-1,0,0,0,2,0,11,6,8,5,23
225,354939876,ChatGPT,4,1,-1,1,1,0,0,0,8,4,12,9,
226,192992941,Grok,1,1,-1,1,1,0,2,1,5,2,3,1,
226,192992941,Gemini,2,1,-1,0,1,1,2,1,0,0,0,0,7
226,192992941,Claude,3,1,-1,0,1,1,1,0,3,1,2,1,12
226,192992941,ChatGPT,4,1,-1,0,0,0,1,0,3,1,6,2,16
227,1837016955,Gemini,1,1,-1,0,0,0,2,0,0,0,0,0,7
227,1837016955,Claude,2,1,-1,0,2,1,0,0,14,5,16,12,30
227,1837016955,ChatGPT,3,1,-1,0,1,0,0,0,12,6,8,3,21
227,1837016955,Grok,4,1,-1,1,2,0,1,1,14,9,16,5,
228,1523901483,Gemini,1,1,-1,0,0,0,2,0,0,0,0,0,6
228,1523901483,Claude,2,1,-1,0,0,0,1,0,7,5,8,7,17
228,1523901483,ChatGPT,3,1,-1,1,0,0,0,0,8,5,10,7,
228,1523901483,Grok,4,1,-1,0,1,0,1,0,10,8,7,4,22
229,3419729322,Gemini,1,1,-1,0,0,0,3,1,0,0,0,0,7
229,3419729322,Claude,2,1,-1,0,1,1,0,0,4,1,2,0,10
229,3419729322,ChatGPT,3,1,-1,0,0,0,0,0,7,3,7,0,19
229,3419729322,Grok,4,1,-1,1,0,0,0,0,6,0,8,4,
230,2485707010,Gemini,1,1,-1,0,0,0,3,1,0,0,0,0,8
230,2485707010,Claude,2,1,-1,0,1,1,0,0,4,2,2,1,11
230,2485707010,ChatGPT,3,1,-1,1,3,0,1,0,6,2,8,2,
230,2485707010,Grok,4,1,-1,0,0,0,0,0,7,2,7,3,22
231,3260290596,Claude,1,1,-1,0,0,0,1,0,8,3,8,7,17
231,3260290596,ChatGPT,2,1,-1,1,4,0,0,0,9,6,13,6,
231,3260290596,Grok,3,1,-1,0,0,0,1,0,11,7,10,5,24
231,3260290596,Gemini,4,1,-1,0,0,0,2,0,6,2,3,0,11
232,3419729322,Claude,1,1,-1,1,8,0,0,0,12,8,9,2,
232,3419729322,ChatGPT,2,1,-1,0,0,0,0,0,9,4,13,7,28
232,3419729322,Grok,3,1,-1,0,0,0,0,0,7,2,6,5,14
232,3419729322,Gemini,4,1,-1,0,1,0,2,0,0,0,0,0,6
233,1523901483,Claude,1,1,-1,0,0,0,1,0,4,2,4,4,11
233,1523901483,ChatGPT,2,1,-1,0,0,0,2,0,6,4,7,3,19
233,1523901483,Grok,3,1,-1,1,0,0,0,0,7,4,6,3,
233,1523901483,Gemini,4,1,-1,0,0,0,2,0,0,0,0,0,7
234,2625633111,Claude,1,1,-1,1,0,0,1,0,11,6,13,6,
234,2625633111,ChatGPT,2,1,-1,0,0,0,0,0,9,4,8,5,20
234,2625633111,Grok,3,1,-1,0,0,0,0,0,11,5,13,6,27
234,2625633111,Gemini,4,1,-1,0,0,0,1,0,6,2,3,0,9
235,2176736909,ChatGPT,1,1,-1,1,7,0,0,0,10,6,12,6,
235,2176736909,Grok,2,1,-1,0,0,0,1,1,12,6,10,7,25
235,2176736909,Gemini,3,1,-1,0,0,0,2,0,0,0,0,0,8
235,2176736909,Claude,4,1,-1,0,1,1,0,0,4,3,4,2,10
236,2064593633,ChatGPT,1,1,-1,1,3,0,0,0,6,5,8,4,
236,2064593633,Grok,2,1,-1,0,0,0,2,1,8,4,6,6,17
236,2064593633,Gemini,3,1,-1,0,0,0,2,0,0,0,0,0,5
236,2064593633,Claude,4,1,-1,0,1,1,0,0,4,3,4,2,10
237,2788506561,ChatGPT,1,1,-1,0,0,0,0,0,10,8,8,2,18
237,2788506561,Grok,2,1,-1,1,0,0,0,0,12,7,15,11,
237,2788506561,Gemini,3,1,-1,0,0,0,2,0,6,3,6,4,13
237,2788506561,Claude,4,1,-1,0,1,0,1,0,14,8,13,9,29
238,2485707010,ChatGPT,1,1,-1,1,0,0,1,1,14,9,16,7,
238,2485707010,Grok,2,1,-1,0,2,0,0,0,14,9,10,4,24
238,2485707010,Gemini,3,1,-1,0,0,0,2,0,6,3,6,2,11
238,2485707010,Claude,4,1,-1,0,2,1,0,0,14,7,16,15,27
239,1223849503,Grok,1,1,-1,1,0,0,0,0,17,13,18,12,
239,1223849503,Gemini,2,1,-1,0,0,0,1,0,16,9,19,13,34
239,1223849503,Claude,3,1,-1,0,0,0,1,0,6,4,3,1,9
239,1223849503,ChatGPT,4,1,-1,0,0,0,0,0,13,6,12,6,24
240,354939876,Grok,1,1,-1,1,0,0,0,0,7,4,10,5,
240,354939876,Gemini,2,1,-1,0,0,0,2,0,0,0,0,0,5
240,354939876,Claude,3,1,-1,0,5,1,1,0,7,4,6,3,18
240,354939876,ChatGPT,4,1,-1,0,0,0,3,1,9,5,7,5,19
241,192992941,Grok,1,1,-1,1,0,0,0,0,7,1,12,11,
241,192992941,Gemini,2,1,-1,0,0,0,1,0,5,2,3,1,13
241,192992941,Claude,3,1,-1,0,5,0,1,0,10,7,6,0,21
241,192992941,ChatGPT,4,1,-1,0,1,0,0,0,7,4,8,2,20
242,783810668,Grok,1,1,-1,0,1,0,0,0,12,6,10,2,24
242,783810668,Gemini,2,1,-1,0,0,0,2,0,6,2,3,1,11
242,783810668,Claude,3,1,-1,1,3,0,2,1,13,5,13,6,
242,783810668,ChatGPT,4,1,-1,0,2,1,0,0,11,4,16,8,27
243,1994060811,Gemini,1,1,-1,0,0,0,3,1,0,0,3,1,10
243,1994060811,Claude,2,1,-1,0,1,1,1,0,5,1,5,4,15
243,1994060811,ChatGPT,3,1,-1,0,1,1,0,0,5,4,2,0,12
243,1994060811,Grok,4,1,-1,1,0,0,2,1,5,2,5,2,
244,1837016955,Gemini,1,1,-1,0,0,0,2,0,0,0,0,0,6
244,1837016955,Claude,2,1,-1,1,3,0,2,2,9,4,12,5,
244,1837016955,ChatGPT,3,1,-1,0,1,1,0,0,10,2,10,6,24
244,1837016955,Grok,4,1,-1,0,1,1,0,0,11,6,8,1,23
245,965460643,Gemini,1,1,-1,0,0,0,3,1,4,3,2,1,11
245,965460643,Claude,2,1,-1,0,3,0,1,0,6,3,6,2,19
245,965460643,ChatGPT,3,1,-1,0,1,1,0,0,0,0,0,0,8
245,965460643,Grok,4,1,-1,1,0,0,0,0,5,2,7,5,
246,94642831,Gemini,1,1,-1,0,2,0,2,0,0,0,8,3,20
246,94642831,Claude,2,1,-1,0,0,0,1,0,6,3,2,2,12
246,94642831,ChatGPT,3,1,-1,1,0,0,0,0,9,4,8,5,
246,94642831,Grok,4,1,-1,0,0,0,0,0,10,6,7,3,24
